City_ID,City,Country,Date,Lat,Lng,Max Temp,Humidity,Cloudiness,Wind Speed
0,Leshukonskoye,RU,2022-06-06 19:51:01,64.8989,45.7622,53.38,87,92,4.34
1,Mataura,NZ,2022-06-06 19:51:02,-46.1927,168.8643,43.45,84,100,4.45
2,Batetskiy,RU,2022-06-06 19:51:02,58.6461,30.3027,47.12,65,4,4.14
3,Port Elizabeth,ZA,2022-06-06 19:51:02,-33.918,25.5701,57.49,62,0,3.44
4,Ilulissat,GL,2022-06-06 19:51:03,69.2167,-51.1,37.76,58,5,10.4
5,Busselton,AU,2022-06-06 19:51:03,-33.65,115.3333,50.85,70,0,11.79
6,Punta Arenas,CL,2022-06-06 19:50:56,-53.15,-70.9167,37.42,93,75,13.8
7,Songjianghe,CN,2022-06-06 19:51:03,42.1859,127.479,47.86,88,100,2.26
8,Bluff,NZ,2022-06-06 19:51:04,-46.6,168.3333,48.6,74,100,11.63
9,Turangi,NZ,2022-06-06 19:51:04,-39.0,175.9333,49.1,98,93,1.23
10,Hithadhoo,MV,2022-06-06 19:51:04,-0.6,73.0833,82.0,74,98,2.21
11,Andenes,NO,2022-06-06 19:51:05,69.3143,16.1194,44.58,76,75,26.46
12,Lasa,IT,2022-06-06 19:51:05,46.6166,10.7002,68.88,93,85,1.23
13,Guasdualito,VE,2022-06-06 19:51:05,7.2424,-70.7324,87.76,62,40,4.61
14,Ouadda,CF,2022-06-06 19:51:06,8.0777,22.4007,65.86,93,100,4.56
15,Ribeira Grande,PT,2022-06-06 19:51:06,38.5167,-28.7,66.6,94,75,12.66
16,Tiksi,RU,2022-06-06 19:51:06,71.6872,128.8694,38.64,94,100,3.8
17,Galle,LK,2022-06-06 19:51:06,6.0367,80.217,78.4,87,100,9.98
18,Kenai,US,2022-06-06 19:51:07,60.5544,-151.2583,55.09,85,75,11.5
19,Clyde River,CA,2022-06-06 19:51:07,70.4692,-68.5914,41.23,75,75,5.75
20,Qaanaaq,GL,2022-06-06 19:51:07,77.484,-69.3632,30.99,89,100,1.77
21,Huarmey,PE,2022-06-06 19:51:08,-10.0681,-78.1522,69.19,75,23,8.63
22,Lorengau,PG,2022-06-06 19:51:08,-2.0226,147.2712,80.6,79,100,5.68
23,New Norfolk,AU,2022-06-06 19:51:08,-42.7826,147.0587,40.91,87,18,3.98
24,Thompson,CA,2022-06-06 19:51:09,55.7435,-97.8558,64.56,25,20,11.5
25,Panhala,IN,2022-06-06 19:51:09,16.8167,74.1167,72.46,87,100,3.22
26,Kapaa,US,2022-06-06 19:51:09,22.0752,-159.319,80.47,78,20,9.22
27,Kloulklubed,PW,2022-06-06 19:51:10,7.0419,134.2556,82.63,73,100,5.28
28,Alice Springs,AU,2022-06-06 19:51:10,-23.7,133.8833,42.35,100,40,4.61
29,Vamospercs,HU,2022-06-06 19:51:10,47.5333,21.9,73.11,71,99,7.09
30,Hermanus,ZA,2022-06-06 19:51:10,-34.4187,19.2345,64.54,43,52,9.22
31,Cidreira,BR,2022-06-06 19:51:11,-30.1811,-50.2056,65.19,95,100,5.44
32,Castro,BR,2022-06-06 19:51:11,-24.7911,-50.0119,64.65,83,100,6.85
33,Albany,US,2022-06-06 19:47:58,42.6001,-73.9662,80.17,40,100,3.38
34,Kattivakkam,IN,2022-06-06 19:51:11,13.2167,80.3167,86.09,74,83,12.48
35,Hobart,AU,2022-06-06 19:51:12,-42.8794,147.3294,41.25,80,75,12.66
36,Rikitea,PF,2022-06-06 19:51:12,-23.1203,-134.9692,72.32,70,77,18.57
37,Ostersund,SE,2022-06-06 19:51:13,63.1792,14.6357,61.25,51,0,9.22
38,Margate,GB,2022-06-06 19:51:13,51.3813,1.3862,59.88,81,99,1.99
39,Ushirombo,TZ,2022-06-06 19:51:13,-3.4919,31.9639,67.73,63,77,2.8
40,Punta Alta,AR,2022-06-06 19:51:14,-38.8759,-62.0736,60.19,50,16,12.19
41,Arraial Do Cabo,BR,2022-06-06 19:51:14,-22.9661,-42.0278,76.96,47,0,18.41
42,Vaini,TO,2022-06-06 19:51:14,-21.2,-175.2,71.76,73,20,9.22
43,Vila Velha,BR,2022-06-06 19:51:15,-20.3297,-40.2925,76.95,74,0,8.05
44,Khatanga,RU,2022-06-06 19:51:15,71.9667,102.5,37.9,81,29,5.91
45,Farmington,US,2022-06-06 19:51:15,36.7281,-108.2187,89.78,17,0,5.01
46,Kodiak,US,2022-06-06 19:52:16,57.79,-152.4072,53.11,71,100,14.97
47,Haicheng,CN,2022-06-06 19:52:16,40.8516,122.7475,56.48,95,100,5.44
48,Port Alfred,ZA,2022-06-06 19:52:16,-33.5906,26.891,65.84,41,2,5.44
49,Rawson,AR,2022-06-06 19:48:03,-43.3002,-65.1023,56.39,46,88,6.53
50,Gotsu,JP,2022-06-06 19:52:17,35.0,132.2167,62.06,86,97,13.87
51,Ixtapa,MX,2022-06-06 19:52:17,20.7,-105.2,90.52,49,8,10.47
52,Yellowknife,CA,2022-06-06 19:52:17,62.456,-114.3525,72.12,30,75,11.5
53,Luderitz,NA,2022-06-06 19:52:18,-26.6481,15.1594,66.67,38,0,4.92
54,Jamestown,US,2022-06-06 19:50:40,42.097,-79.2353,79.02,40,75,12.66
55,Vanimo,PG,2022-06-06 19:52:18,-2.6741,141.3028,76.28,89,69,3.67
56,Pevek,RU,2022-06-06 19:52:19,69.7008,170.3133,33.98,79,85,3.44
57,Mar Del Plata,AR,2022-06-06 19:52:19,-38.0023,-57.5575,64.42,54,0,11.5
58,Sosnovo-Ozerskoye,RU,2022-06-06 19:52:19,52.5249,111.5418,47.7,72,100,5.5
59,Cape Town,ZA,2022-06-06 19:52:20,-33.9258,18.4232,69.12,48,0,5.01
60,Dickinson,US,2022-06-06 19:52:21,29.4608,-95.0513,94.08,67,75,13.8
61,Puerto Ayora,EC,2022-06-06 19:50:57,-0.7393,-90.3518,75.16,87,82,8.99
62,Acapulco,MX,2022-06-06 19:52:16,16.8634,-99.8901,84.79,70,64,10.47
63,Lebu,CL,2022-06-06 19:52:21,-37.6167,-73.65,53.44,81,99,14.99
64,Vila,PT,2022-06-06 19:52:22,42.0304,-8.1588,57.7,82,99,2.91
65,Flinders,AU,2022-06-06 19:52:22,-34.5833,150.8552,52.18,65,1,11.99
66,Ushuaia,AR,2022-06-06 19:47:32,-54.8,-68.3,37.06,70,40,5.75
67,Atuona,PF,2022-06-06 19:52:22,-9.8,-139.0333,78.08,74,12,14.32
68,Rodrigues Alves,BR,2022-06-06 19:52:23,-7.738,-72.6509,86.2,77,96,2.28
69,Hilo,US,2022-06-06 19:48:55,19.7297,-155.09,91.27,68,20,7.0
70,Grand Gaube,MU,2022-06-06 19:52:23,-20.0064,57.6608,72.0,76,3,3.0
71,Port Hardy,CA,2022-06-06 19:52:23,50.6996,-127.4199,53.78,82,100,13.8
72,Rio Verde De Mato Grosso,BR,2022-06-06 19:48:52,-18.9181,-54.8442,89.49,26,97,7.58
73,Coquimbo,CL,2022-06-06 19:48:16,-29.9533,-71.3436,60.53,67,0,12.66
74,Asfi,MA,2022-06-06 19:52:24,32.2994,-9.2372,70.0,76,0,20.85
75,Carnarvon,AU,2022-06-06 19:52:24,-24.8667,113.6333,69.69,54,0,5.19
76,Talnakh,RU,2022-06-06 19:52:24,69.4865,88.3972,34.21,63,78,6.76
77,Marsa Matruh,EG,2022-06-06 19:52:25,31.3525,27.2453,75.4,88,0,6.91
78,East London,ZA,2022-06-06 19:50:08,-33.0153,27.9116,66.24,41,0,5.95
79,Victoria,HK,2022-06-06 19:47:46,22.2855,114.1577,84.33,89,100,11.01
80,Isla Vista,US,2022-06-06 19:52:25,34.4133,-119.861,87.35,61,20,8.05
81,Maceio,BR,2022-06-06 19:52:25,-9.6658,-35.7353,78.24,73,75,11.5
82,Viedma,AR,2022-06-06 19:52:26,-40.8135,-62.9967,63.16,39,61,14.2
83,Puerto Del Rosario,ES,2022-06-06 19:52:26,28.5004,-13.8627,71.35,73,20,19.57
84,Esperance,AU,2022-06-06 19:52:26,-33.8667,121.9,56.12,61,100,3.87
85,Lompoc,US,2022-06-06 19:52:27,34.6391,-120.4579,82.69,75,20,17.27
86,Sankeshwar,IN,2022-06-06 19:52:27,16.2667,74.4833,74.75,85,100,4.9
87,Hovd,MN,2022-06-06 19:52:27,48.0056,91.6419,50.63,42,96,2.1
88,Provideniya,RU,2022-06-06 19:52:28,64.3833,-173.3,46.83,58,61,1.03
89,Sokoni,TZ,2022-06-06 19:52:28,-6.4333,39.55,80.46,73,67,17.9
90,Floresta,BR,2022-06-06 19:52:28,-8.6011,-38.5686,76.55,62,79,18.68
91,Henties Bay,NA,2022-06-06 19:52:29,-22.116,14.2845,71.51,39,0,9.01
92,Laguna,US,2022-06-06 19:53:29,38.421,-121.4238,84.76,38,0,3.0
93,Tasiilaq,GL,2022-06-06 19:53:29,65.6145,-37.6368,37.08,64,100,2.98
94,Namatanai,PG,2022-06-06 19:53:29,-3.6667,152.4333,78.62,83,34,6.87
95,Harper,LR,2022-06-06 19:53:30,4.375,-7.7169,75.99,91,100,9.62
96,Canutama,BR,2022-06-06 19:53:30,-6.5339,-64.3831,79.79,81,94,3.65
97,Apache Junction,US,2022-06-06 19:53:30,33.4151,-111.5496,101.62,15,0,6.91
98,Sabang,ID,2022-06-06 19:53:31,5.8933,95.3214,82.65,76,99,13.87
99,Smithers,CA,2022-06-06 19:53:31,54.7804,-127.1743,55.72,67,40,2.3
100,Barrow,US,2022-06-06 19:53:31,71.2906,-156.7887,31.42,82,14,16.35
101,Hiriyur,IN,2022-06-06 19:53:32,13.9456,76.6192,74.08,86,91,6.91
102,Auki,SB,2022-06-06 19:53:32,-8.7676,160.7034,76.46,87,9,3.76
103,Nipawin,CA,2022-06-06 19:53:32,53.3668,-104.0009,64.44,32,0,6.91
104,Lata,PT,2022-06-06 19:53:33,40.1629,-8.3327,64.47,91,93,4.09
105,Lagoa,PT,2022-06-06 19:50:09,39.05,-27.9833,64.8,94,61,20.8
106,Georgetown,MY,2022-06-06 19:53:33,5.4112,100.3354,78.73,99,40,5.99
107,Palmer,US,2022-06-06 19:53:33,42.1584,-72.3287,83.21,33,40,4.61
108,Saint-Philippe,RE,2022-06-06 19:53:33,-21.3585,55.7679,71.19,78,52,7.94
109,Vikulovo,RU,2022-06-06 19:53:34,56.8167,70.6107,47.71,89,74,3.71
110,Sobolevo,RU,2022-06-06 19:53:34,54.4299,31.8996,58.21,79,95,5.48
111,Partenit,UA,2022-06-06 19:53:34,44.578,34.3446,66.49,83,100,10.29
112,Galveston,US,2022-06-06 19:48:46,29.3669,-94.9669,92.03,69,20,20.71
113,Beira,MZ,2022-06-06 19:53:35,-19.8436,34.8389,71.69,78,75,18.41
114,Sao Felix Do Xingu,BR,2022-06-06 19:53:35,-6.6447,-51.995,82.44,64,44,2.77
115,Mokhsogollokh,RU,2022-06-06 19:53:36,61.4681,128.9203,62.2,72,100,3.38
116,Iqaluit,CA,2022-06-06 19:53:36,63.7506,-68.5145,49.73,61,40,18.41
117,Avarua,CK,2022-06-06 19:53:36,-21.2078,-159.775,78.85,83,75,11.5
118,Alcazar De San Juan,ES,2022-06-06 19:53:37,39.3901,-3.2083,76.17,22,45,10.27
119,Aklavik,CA,2022-06-06 19:53:37,68.2191,-135.0107,46.92,51,34,7.23
120,San Cristobal,VE,2022-06-06 19:53:37,7.7669,-72.225,80.78,47,35,7.09
121,Mahibadhoo,MV,2022-06-06 19:53:37,3.7833,72.9667,81.99,76,98,9.64
122,Tucuman,AR,2022-06-06 19:53:38,-26.8241,-65.2226,68.0,49,20,4.61
123,Saldanha,ZA,2022-06-06 19:53:38,-33.0117,17.9442,62.65,39,56,8.46
124,Puerto Escondido,MX,2022-06-06 19:53:38,15.85,-97.0667,86.27,64,75,10.69
125,Arlit,NE,2022-06-06 19:53:39,18.7369,7.3853,89.33,26,100,8.16
126,Krasnoselkup,RU,2022-06-06 19:53:39,65.7,82.4667,35.78,53,98,5.14
127,Longyearbyen,SJ,2022-06-06 19:53:39,78.2186,15.6401,44.44,65,75,14.97
128,Rio Muerto,MX,2022-06-06 19:53:40,27.4167,-110.2333,94.12,33,5,17.11
129,Paracuru,BR,2022-06-06 19:53:40,-3.41,-39.0306,84.11,80,43,10.11
130,Ust-Maya,RU,2022-06-06 19:53:40,60.4167,134.5333,61.97,68,19,2.13
131,Shimoda,JP,2022-06-06 19:53:40,34.6667,138.95,61.11,85,100,9.15
132,Eyl,SO,2022-06-06 19:53:41,7.9803,49.8164,79.66,79,90,15.7
133,Mahebourg,MU,2022-06-06 19:53:41,-20.4081,57.7,71.89,83,20,1.14
134,Sao Joao Da Barra,BR,2022-06-06 19:53:41,-21.6403,-41.0511,78.89,66,26,14.45
135,Entre Rios,BR,2022-06-06 19:53:42,-11.9419,-38.0844,71.65,81,28,6.17
136,Sargatskoye,RU,2022-06-06 19:53:42,55.6101,73.4972,49.42,75,50,2.39
137,Porto Belo,BR,2022-06-06 19:54:42,-27.1578,-48.5531,69.69,95,100,6.11
138,Singkang,MY,2022-06-06 19:54:43,2.1006,102.7994,74.98,93,39,1.14
139,Bambous Virieux,MU,2022-06-06 19:54:43,-20.3428,57.7575,71.85,83,20,1.14
140,Thayetmyo,MM,2022-06-06 19:54:43,19.3167,95.1833,78.67,85,100,8.55
141,Araouane,ML,2022-06-06 19:54:43,18.9048,-3.5265,97.3,12,0,10.6
142,Bani Walid,LY,2022-06-06 19:54:44,31.7566,13.9942,84.52,24,0,8.72
143,Saskylakh,RU,2022-06-06 19:54:44,71.9167,114.0833,36.48,76,8,4.7
144,Shahrud,IR,2022-06-06 19:54:44,36.4182,54.9763,78.33,25,94,3.89
145,Bredasdorp,ZA,2022-06-06 19:54:45,-34.5322,20.0403,59.76,39,7,3.06
146,Upernavik,GL,2022-06-06 19:54:45,72.7868,-56.1549,32.32,79,1,12.17
147,Denpasar,ID,2022-06-06 19:54:45,-8.65,115.2167,78.46,89,20,3.44
148,Leningradskiy,RU,2022-06-06 19:54:46,69.3833,178.4167,33.58,85,100,9.04
149,Naze,JP,2022-06-06 19:54:46,28.3667,129.4833,67.12,81,77,4.85
150,Ampanihy,MG,2022-06-06 19:54:46,-24.7,44.75,65.34,83,48,14.79
151,Fort Nelson,CA,2022-06-06 19:54:46,58.8053,-122.7002,62.19,72,75,2.3
152,Bolkhov,RU,2022-06-06 19:54:47,53.4433,36.0044,59.83,71,100,6.31
153,Dwarka,IN,2022-06-06 19:54:47,22.2394,68.9678,82.71,84,9,14.25
154,Fort Smith,US,2022-06-06 19:54:47,35.3859,-94.3986,88.38,58,77,5.99
155,Arman,RU,2022-06-06 19:54:48,59.7,150.1667,52.02,81,100,7.0
156,Demyansk,RU,2022-06-06 19:54:48,57.643,32.466,48.79,71,3,2.95
157,Tiarei,PF,2022-06-06 19:54:48,-17.5333,-149.3333,80.62,71,32,19.08
158,Talcahuano,CL,2022-06-06 19:54:49,-36.7167,-73.1167,53.28,94,100,9.22
159,Khasan,RU,2022-06-06 19:54:49,42.4308,130.6434,50.47,85,100,3.27
160,Yulara,AU,2022-06-06 19:54:49,-25.2406,130.9889,46.99,61,49,9.89
161,Vao,NC,2022-06-06 19:54:50,-22.6667,167.4833,72.91,74,83,7.27
162,Caborca,MX,2022-06-06 19:54:50,30.5838,-111.101,96.04,10,0,11.54
163,Hambantota,LK,2022-06-06 19:54:50,6.1241,81.1185,77.88,87,69,14.54
164,Mahdasht,IR,2022-06-06 19:54:50,35.7299,50.8111,88.02,19,75,6.91
165,Samana,DO,2022-06-06 19:54:51,19.2056,-69.3369,93.42,70,40,9.22
166,Mehamn,NO,2022-06-06 19:50:23,71.0357,27.8492,48.15,57,0,4.61
167,Tuatapere,NZ,2022-06-06 19:54:51,-46.1333,167.6833,46.96,80,100,6.33
168,Butaritari,KI,2022-06-06 19:54:51,3.0707,172.7902,80.55,79,6,13.13
169,Saint-Francois,FR,2022-06-06 19:54:52,46.4154,3.9054,62.04,88,0,5.75
170,Cherskiy,RU,2022-06-06 19:54:52,68.75,161.3,39.15,55,31,10.31
171,Cordoba,AR,2022-06-06 19:54:52,-31.4135,-64.1811,70.65,35,0,5.75
172,Ust-Ishim,RU,2022-06-06 19:54:53,57.6935,71.1665,45.45,78,50,5.35
173,Merrill,US,2022-06-06 19:54:53,45.1805,-89.6835,71.82,62,40,4.61
174,Onverwacht,SR,2022-06-06 19:54:53,5.5833,-55.1833,82.4,83,20,9.22
175,Norman Wells,CA,2022-06-06 19:54:53,65.282,-126.8329,53.64,62,75,10.36
176,Shakawe,BW,2022-06-06 19:54:54,-18.3667,21.85,53.8,44,55,5.73
177,Inegol,TR,2022-06-06 19:54:54,40.0781,29.5133,67.28,92,81,1.3
178,Chipinge,ZW,2022-06-06 19:54:54,-20.1883,32.6236,53.51,88,99,4.81
179,Maragogi,BR,2022-06-06 19:54:55,-9.0122,-35.2225,75.49,84,83,14.34
180,Zhezkazgan,KZ,2022-06-06 19:54:55,47.8043,67.7144,71.69,33,38,6.58
181,Ponta Do Sol,PT,2022-06-06 19:55:55,32.6667,-17.1,72.23,82,83,0.94
182,Narsaq,GL,2022-06-06 19:55:56,60.9167,-46.05,44.78,81,100,5.48
183,Dzidzantun,MX,2022-06-06 19:55:56,21.25,-89.05,83.3,69,97,8.5
184,Kirakira,SB,2022-06-06 19:55:56,-10.4544,161.9205,79.23,83,16,8.81
185,Nantucket,US,2022-06-06 19:55:57,41.2835,-70.0995,72.14,68,7,8.23
186,Hofn,IS,2022-06-06 19:55:57,64.2539,-15.2082,46.42,66,100,8.05
187,Kargasok,RU,2022-06-06 19:55:57,59.0556,80.8572,44.02,87,100,0.94
188,Puerto Suarez,BO,2022-06-06 19:55:58,-18.95,-57.8,93.56,59,75,4.61
189,Harstad,NO,2022-06-06 19:55:58,68.799,16.5293,45.79,95,100,25.01
190,Paamiut,GL,2022-06-06 19:55:58,61.994,-49.6678,37.45,93,72,5.82
191,Camacha,PT,2022-06-06 19:55:58,33.0833,-16.3333,65.62,77,20,10.36
192,Sidhi,IN,2022-06-06 19:55:59,24.4167,81.8833,93.51,16,7,3.29
193,Kaitangata,NZ,2022-06-06 19:55:59,-46.2817,169.8464,47.91,71,100,5.37
194,Mayo,US,2022-06-06 19:54:40,38.8876,-76.5119,84.36,41,0,10.36
195,Keuruu,FI,2022-06-06 19:55:59,62.2667,24.7,57.38,70,13,3.09
196,Steamboat Springs,US,2022-06-06 19:56:00,40.485,-106.8317,73.94,44,0,9.22
197,Uwajima,JP,2022-06-06 19:56:00,33.2238,132.56,63.79,89,72,13.2
198,Lahaina,US,2022-06-06 19:54:11,20.8783,-156.6825,83.95,85,4,5.66
199,Korla,CN,2022-06-06 19:56:00,41.7597,86.1469,76.73,16,94,5.84
200,Grand-Lahou,CI,2022-06-06 19:56:01,5.1367,-5.0242,77.58,85,100,9.64
201,Tabou,CI,2022-06-06 19:56:01,4.423,-7.3528,76.05,90,100,8.72
202,Sangar,RU,2022-06-06 19:56:01,63.9242,127.4739,60.15,61,69,4.12
203,Labuhan,ID,2022-06-06 19:56:02,-6.8844,112.2051,77.36,89,99,5.7
204,Mana,GF,2022-06-06 19:56:02,5.6592,-53.7767,76.87,89,100,5.57
205,Dikson,RU,2022-06-06 19:56:03,73.5069,80.5464,29.71,97,100,13.69
206,Ancud,CL,2022-06-06 19:56:03,-41.8697,-73.8203,49.6,98,100,1.32
207,Torbay,CA,2022-06-06 19:56:03,47.6666,-52.7314,61.57,48,75,8.05
208,Chuy,UY,2022-06-06 19:56:03,-33.6971,-53.4616,55.54,83,100,5.97
209,Pingliang,CN,2022-06-06 19:56:04,35.5392,106.6861,66.97,41,96,6.71
210,Ojinaga,MX,2022-06-06 19:56:04,29.5667,-104.4167,103.57,16,0,11.5
211,Katsuura,JP,2022-06-06 19:56:04,35.1333,140.3,63.19,92,96,15.88
212,Beyneu,KZ,2022-06-06 19:56:05,45.3167,55.2,83.73,23,77,10.56
213,Mutoko,ZW,2022-06-06 19:56:05,-17.397,32.2268,51.55,77,6,7.81
214,Mnogovershinnyy,RU,2022-06-06 19:56:05,53.9353,139.9242,55.72,66,82,1.92
215,Vaitape,PF,2022-06-06 19:56:06,-16.5167,-151.75,80.62,73,14,19.93
216,Cabo San Lucas,MX,2022-06-06 19:54:35,22.8909,-109.9124,91.62,58,22,7.72
217,Boddam,GB,2022-06-06 19:56:06,57.4667,-1.7833,53.98,85,15,14.14
218,Yumen,CN,2022-06-06 19:56:06,40.2833,97.2,64.47,25,2,10.31
219,Hof,DE,2022-06-06 19:56:07,50.3167,11.9167,60.03,82,40,6.91
220,Balad,IQ,2022-06-06 19:56:07,34.0164,44.1453,97.21,11,100,17.63
221,Dolores Hidalgo,MX,2022-06-06 19:56:07,21.1561,-100.9308,87.78,14,20,9.31
222,Geraldton,AU,2022-06-06 19:56:07,-28.7667,114.6,57.61,47,0,20.71
223,Port Blair,IN,2022-06-06 19:56:08,11.6667,92.75,77.04,94,75,0.0
224,Comodoro Rivadavia,AR,2022-06-06 19:56:08,-45.8667,-67.5,51.66,40,0,11.5
225,Faanui,PF,2022-06-06 19:51:27,-16.4833,-151.75,80.62,73,14,19.89
226,Lakes Entrance,AU,2022-06-06 19:57:08,-37.8811,147.981,38.16,76,60,13.67
227,Mangrol,IN,2022-06-06 19:57:09,21.1167,70.1167,82.47,85,71,8.39
228,Choma,ZM,2022-06-06 19:57:09,-16.8065,26.9531,51.55,57,47,7.94
229,Saint Anthony,US,2022-06-06 19:57:09,45.0205,-93.218,77.14,47,7,1.99
230,Nikolskoye,RU,2022-06-06 19:57:10,59.7035,30.7861,53.49,75,22,4.5
231,Manado,ID,2022-06-06 19:57:10,1.487,124.8455,74.17,100,40,2.3
232,Teahupoo,PF,2022-06-06 19:57:10,-17.8333,-149.2667,75.16,73,45,19.48
233,Pangnirtung,CA,2022-06-06 19:57:11,66.1451,-65.7125,42.8,75,20,11.5
234,Roebourne,AU,2022-06-06 19:57:11,-20.7833,117.1333,67.68,50,4,14.99
235,Odweyne,SO,2022-06-06 19:57:11,9.4092,45.064,72.97,64,100,4.65
236,Pemangkat,ID,2022-06-06 19:57:12,1.1667,108.9667,76.86,90,72,4.92
237,Polson,US,2022-06-06 19:57:12,47.6936,-114.1632,63.21,66,92,1.01
238,Hobyo,SO,2022-06-06 19:57:12,5.3505,48.5268,78.96,85,81,27.31
239,Gat,IL,2022-06-06 19:57:12,31.61,34.7642,75.4,100,7,3.36
240,Belvedere Marittimo,IT,2022-06-06 19:57:13,39.6179,15.8617,71.67,81,25,1.03
241,Russell,US,2022-06-06 19:53:54,32.3502,-85.1999,89.01,55,20,3.44
242,Omboue,GA,2022-06-06 19:57:13,-1.5746,9.2618,75.65,84,95,7.09
243,Churapcha,RU,2022-06-06 19:57:13,62.0025,132.4325,63.39,64,27,2.48
244,Kaili,ID,2022-06-06 19:57:14,-3.4626,120.2147,65.89,97,100,3.78
245,Mantamados,GR,2022-06-06 19:57:14,39.3117,26.3339,75.25,71,60,8.03
246,Chokurdakh,RU,2022-06-06 19:57:14,70.6333,147.9167,39.56,65,20,13.98
247,Gibara,CU,2022-06-06 19:57:15,21.1097,-76.1317,89.35,56,37,10.07
248,Westport,US,2022-06-06 19:57:15,41.1415,-73.3579,84.61,40,40,5.01
249,Okhotsk,RU,2022-06-06 19:57:15,59.3833,143.3,49.44,76,51,0.49
250,Vredendal,ZA,2022-06-06 19:57:16,-31.6683,18.5012,68.67,21,98,8.72
251,Mandalgovi,MN,2022-06-06 19:57:16,45.7625,106.2708,49.5,63,38,16.33
252,San Juan De Los Morros,VE,2022-06-06 19:57:16,9.9115,-67.3538,84.0,56,93,4.21
253,Palestine,PS,2022-06-06 19:57:16,31.9216,35.2033,66.94,79,7,4.41
254,Kargil,IN,2022-06-06 19:57:17,34.5667,76.1,51.94,35,19,6.22
255,Poum,NC,2022-06-06 19:57:17,-20.2333,164.0167,76.05,74,94,11.43
256,Kabalo,CD,2022-06-06 19:57:17,-6.05,26.9167,72.34,49,10,4.72
257,Namibe,AO,2022-06-06 19:57:18,-15.1961,12.1522,73.02,62,7,1.66
258,Batemans Bay,AU,2022-06-06 19:57:18,-35.7167,150.1833,48.09,60,1,8.39
259,Kralendijk,BQ,2022-06-06 19:57:18,12.15,-68.2667,81.01,84,8,21.25
260,Kalmunai,LK,2022-06-06 19:57:19,7.4167,81.8167,77.92,84,100,9.71
261,Iracoubo,GF,2022-06-06 19:57:19,5.4802,-53.2011,78.75,86,100,7.09
262,Pringsewu,ID,2022-06-06 19:57:19,-5.3582,104.9744,72.48,96,64,2.44
263,Salvacion,PH,2022-06-06 19:57:20,7.9833,126.1333,72.07,98,79,2.13
264,Mercedes,AR,2022-06-06 19:57:20,-34.6515,-59.4307,62.85,49,0,1.99
265,Serafimovich,RU,2022-06-06 19:57:20,49.5786,42.736,56.62,80,0,7.31
266,Waipawa,NZ,2022-06-06 19:57:21,-41.4122,175.5153,46.38,89,16,5.82
267,Kawambwa,ZM,2022-06-06 19:57:21,-9.7915,29.0791,62.31,56,65,8.03
268,Magistralnyy,RU,2022-06-06 19:57:21,56.1725,107.4458,52.48,70,5,2.86
269,Mount Isa,AU,2022-06-06 19:53:43,-20.7333,139.5,56.97,58,0,9.22
270,Moa,CU,2022-06-06 19:58:22,20.6569,-74.9403,88.11,62,87,9.95
271,Zeya,RU,2022-06-06 19:58:22,53.75,127.2667,58.44,65,13,3.65
272,Aviles,ES,2022-06-06 19:54:40,43.5547,-5.9248,63.93,79,75,6.91
273,Lima,PE,2022-06-06 19:58:03,-12.0432,-77.0282,67.39,67,100,5.75
274,Kruisfontein,ZA,2022-06-06 19:58:22,-34.0033,24.7314,57.74,52,0,3.18
275,Superior,US,2022-06-06 19:58:23,46.7208,-92.1041,72.48,54,0,10.36
276,Menongue,AO,2022-06-06 19:58:23,-14.6585,17.691,51.82,53,7,5.99
277,Humaita,BR,2022-06-06 19:58:23,-7.5061,-63.0208,84.06,66,94,1.68
278,Riyadh,SA,2022-06-06 19:57:45,24.6877,46.7219,95.14,7,27,3.29
279,Airai,TL,2022-06-06 19:58:24,-8.9266,125.4092,57.67,91,58,2.84
280,Iranshahr,IR,2022-06-06 19:58:24,27.2025,60.6848,93.54,7,0,4.61
281,Santa Cruz,BO,2022-06-06 19:58:24,-17.8,-63.1667,86.05,51,75,13.8
282,Vila Franca Do Campo,PT,2022-06-06 19:58:25,37.7167,-25.4333,66.61,94,72,9.89
283,Helong,CN,2022-06-06 19:58:25,42.5397,128.9972,44.6,98,100,2.01
284,Great Yarmouth,GB,2022-06-06 19:58:25,52.6083,1.7305,55.65,85,100,9.24
285,Poso,ID,2022-06-06 19:58:26,-1.3959,120.7524,74.95,87,96,2.48
286,Hella,NO,2022-06-06 19:58:26,67.2,14.4333,50.76,88,75,19.57
287,Portland,US,2022-06-06 19:57:14,45.5234,-122.6762,67.51,61,53,4.0
288,Porto Velho,BR,2022-06-06 19:58:26,-8.7619,-63.9039,87.85,58,0,4.61
289,Pisco,PE,2022-06-06 19:54:59,-13.7,-76.2167,69.85,64,0,6.91
290,Sur,OM,2022-06-06 19:58:27,22.5667,59.5289,85.26,63,36,14.0
291,San Policarpo,PH,2022-06-06 19:58:27,12.1791,125.5072,78.17,86,9,5.39
292,Kharan,PK,2022-06-06 19:58:27,28.5833,65.4167,81.57,7,0,5.32
293,Touros,BR,2022-06-06 19:58:27,-5.1989,-35.4608,79.5,76,2,12.35
294,Tuktoyaktuk,CA,2022-06-06 19:58:28,69.4541,-133.0374,33.8,75,75,8.05
295,Qidong,CN,2022-06-06 19:58:28,31.8128,121.6561,71.92,95,55,12.86
296,Bonavista,CA,2022-06-06 19:58:28,48.6499,-53.1147,42.03,81,64,5.86
297,Road Town,VG,2022-06-06 19:58:29,18.4167,-64.6167,86.04,70,40,10.36
298,Honiara,SB,2022-06-06 19:58:29,-9.4333,159.95,75.67,85,3,6.98
299,Muros,ES,2022-06-06 19:58:29,42.7762,-9.0603,65.68,81,99,2.48
300,San Patricio,US,2022-06-06 19:58:30,28.017,-97.5169,97.52,39,0,20.15
301,Sehithwa,BW,2022-06-06 19:58:30,-20.4667,22.7167,54.54,57,54,6.89
302,Naryan-Mar,RU,2022-06-06 19:58:30,67.6713,53.087,58.51,38,73,9.04
303,Bezhetsk,RU,2022-06-06 19:58:31,57.7851,36.6965,46.49,66,0,8.1
304,Spokane,US,2022-06-06 19:58:31,47.6166,-117.3677,63.95,53,94,7.0
305,Erenhot,CN,2022-06-06 19:58:31,43.6475,111.9767,58.75,36,5,11.72
306,Dourados,BR,2022-06-06 19:56:05,-22.2211,-54.8056,80.98,48,67,6.11
307,Rovaniemi,FI,2022-06-06 19:58:32,66.5,25.7167,49.41,57,0,10.36
308,Bethel,US,2022-06-06 19:58:32,41.3712,-73.414,83.34,38,50,1.01
309,Chernyshevskiy,RU,2022-06-06 19:58:32,63.0128,112.4714,43.81,87,7,2.48
310,Kavaratti,IN,2022-06-06 19:58:32,10.5669,72.642,83.66,77,100,17.38
311,Sao Filipe,CV,2022-06-06 19:58:33,14.8961,-24.4956,76.33,74,1,11.14
312,Sembe,CG,2022-06-06 19:58:33,1.6481,14.5806,70.7,96,94,1.21
313,Vardo,NO,2022-06-06 19:58:33,70.3705,31.1107,42.78,87,0,4.61
314,Ahipara,NZ,2022-06-06 19:58:34,-35.1667,173.1667,55.87,93,76,5.7
315,Tateyama,JP,2022-06-06 19:58:34,34.9833,139.8667,64.09,86,99,14.92
316,Jumla,NP,2022-06-06 19:58:34,29.2747,82.1838,55.09,59,56,3.85
317,Hasaki,JP,2022-06-06 19:59:35,35.7333,140.8333,61.29,90,100,19.28
318,Dali,CN,2022-06-06 19:59:35,25.7,100.1833,62.55,98,100,4.0
319,Kawalu,ID,2022-06-06 19:59:35,-7.3817,108.2082,70.86,95,91,0.51
320,Souillac,MU,2022-06-06 19:59:36,-20.5167,57.5167,71.98,83,20,1.14
321,Sitka,US,2022-06-06 19:59:36,57.0531,-135.33,54.45,78,100,0.43
322,Impfondo,CG,2022-06-06 19:59:36,1.6381,18.0667,71.89,94,86,2.48
323,Contai,IN,2022-06-06 19:59:36,21.7786,87.7536,83.21,88,15,14.27
324,Eureka,US,2022-06-06 19:56:02,40.8021,-124.1637,68.67,77,84,11.01
325,Kizukuri,JP,2022-06-06 19:59:37,40.8061,140.3861,51.12,91,100,15.32
326,Saint George,US,2022-06-06 19:57:20,37.1041,-113.5841,96.8,15,6,5.01
327,Srednekolymsk,RU,2022-06-06 19:59:37,67.45,153.6833,38.57,62,24,14.12
328,Ketchikan,US,2022-06-06 19:59:37,55.3422,-131.6461,53.69,82,100,4.88
329,Carlisle,US,2022-06-06 19:58:46,40.2015,-77.1889,82.51,41,45,11.21
330,Eldorado,BR,2022-06-06 19:59:38,-23.7869,-54.2836,75.97,76,99,3.44
331,Jiexiu,CN,2022-06-06 19:59:38,37.0244,111.9125,65.97,38,12,0.27
332,Marfino,RU,2022-06-06 19:59:39,55.7028,37.3822,60.71,67,0,6.71
333,Acqui Terme,IT,2022-06-06 19:59:39,44.6751,8.4675,73.67,84,52,10.0
334,Verkhoyansk,RU,2022-06-06 19:59:39,67.5447,133.385,62.44,56,99,4.0
335,Brownsville,US,2022-06-06 19:55:24,25.9018,-97.4975,91.94,59,2,7.0
336,Mporokoso,ZM,2022-06-06 19:59:40,-9.3727,30.125,60.39,62,67,7.9
337,Morondava,MG,2022-06-06 19:59:40,-20.2833,44.2833,72.5,68,4,6.04
338,Matera,IT,2022-06-06 19:59:40,40.5,16.4167,78.94,42,59,5.3
339,Zaigrayevo,RU,2022-06-06 19:59:40,51.8336,108.2703,50.76,90,40,3.69
340,Gainesville,US,2022-06-06 19:56:59,29.6516,-82.3248,92.7,70,100,14.97
341,Codrington,AU,2022-06-06 19:59:41,-38.2667,141.9667,48.9,70,98,21.52
342,Thaba-Tseka,LS,2022-06-06 19:59:41,-29.522,28.6084,41.85,50,0,2.89
343,Sioux Lookout,CA,2022-06-06 19:59:41,50.1001,-91.917,64.47,45,75,2.3
344,George Town,MY,2022-06-06 19:55:31,5.4112,100.3354,78.73,99,40,5.99
345,Xining,CN,2022-06-06 19:59:42,36.6167,101.7667,47.77,85,100,5.53
346,Kutum,SD,2022-06-06 19:59:42,14.2,24.6667,83.75,12,34,10.16
347,Rwamagana,RW,2022-06-06 19:59:42,-1.9487,30.4347,69.24,82,46,2.57
348,Nanortalik,GL,2022-06-06 19:59:43,60.1432,-45.2371,41.05,77,100,3.31
349,Lincoln,US,2022-06-06 19:55:16,40.8,-96.667,81.27,67,92,4.0
350,Asuncion Ixtaltepec,MX,2022-06-06 19:59:43,16.5,-95.05,85.87,59,100,10.98
351,Boende,CD,2022-06-06 19:59:44,-0.2167,20.8667,74.95,86,96,1.74
352,Bosanska Dubica,BA,2022-06-06 19:59:44,45.1767,16.8094,68.11,85,22,2.37
353,Gamba,GA,2022-06-06 19:59:44,-2.65,10.0,74.03,87,99,4.94
354,Siuna,NI,2022-06-06 19:59:44,13.7332,-84.7773,86.25,67,100,5.08
355,Strenci,LV,2022-06-06 19:59:45,57.6257,25.6854,57.16,68,100,5.32
356,Edson,CA,2022-06-06 19:59:45,53.5835,-116.4356,50.14,100,100,8.05
357,Ocos,GT,2022-06-06 19:59:45,14.5094,-92.1933,84.18,70,80,12.3
358,Ligayan,PH,2022-06-06 19:59:46,4.6533,119.4706,83.77,69,31,6.2
359,Santa Isabel Do Rio Negro,BR,2022-06-06 19:59:46,-0.4139,-65.0192,87.55,56,86,3.78
360,Cukai,MY,2022-06-06 19:59:46,4.25,103.4167,77.0,91,100,4.63
361,Tecolutla,MX,2022-06-06 19:59:47,20.4833,-97.0167,87.51,61,41,16.44
362,Padang,ID,2022-06-06 20:00:47,-0.9492,100.3543,73.45,87,100,4.09
363,Kavieng,PG,2022-06-06 20:00:47,-2.5744,150.7967,81.72,77,28,10.13
364,Maldonado,UY,2022-06-06 20:00:48,-34.6667,-54.9167,51.22,84,100,4.76
365,Aleksandrov Gay,RU,2022-06-06 20:00:48,50.147,48.5704,58.35,79,7,20.15
366,Namtsy,RU,2022-06-06 20:00:49,62.7161,129.6658,64.31,63,64,2.19
367,Glodeni,MD,2022-06-06 20:00:49,47.7708,27.5144,64.08,61,57,3.6
368,Olinda,BR,2022-06-06 19:59:37,-8.0089,-34.8553,74.93,94,100,14.97
369,Urupes,BR,2022-06-06 20:00:50,-21.2017,-49.29,81.52,37,100,4.52
370,Amga,RU,2022-06-06 20:00:50,60.8953,131.9608,62.1,66,26,0.54
371,Mattru,SL,2022-06-06 20:00:50,7.6244,-11.8332,75.78,93,67,3.49
372,Fortuna,US,2022-06-06 20:00:51,40.5982,-124.1573,66.85,82,75,13.8
373,Luanda,AO,2022-06-06 20:00:16,-8.8368,13.2343,72.86,85,100,9.93
374,Zemio,CF,2022-06-06 20:00:51,5.0314,25.1361,73.38,80,82,1.39
375,Znamenka,RU,2022-06-06 20:00:52,52.4167,41.4311,53.56,92,1,8.48
376,Tupiza,BO,2022-06-06 20:00:52,-21.45,-65.7167,63.25,14,0,14.72
377,Murdochville,CA,2022-06-06 20:00:52,48.9583,-65.5006,61.77,38,82,6.76
378,Kangaatsiaq,GL,2022-06-06 20:00:53,68.3065,-53.4641,33.48,79,64,12.28
379,Dingle,PH,2022-06-06 20:00:53,10.9995,122.6711,76.17,88,62,3.33
380,Kapoeta,SS,2022-06-06 20:00:54,4.7717,33.5903,82.27,40,100,4.45
381,Dehloran,IR,2022-06-06 20:00:54,32.6941,47.2679,100.26,9,62,7.47
382,Mandiana,GN,2022-06-06 20:00:55,10.6333,-8.6833,86.34,43,95,8.19
383,Tilichiki,RU,2022-06-06 20:00:55,60.4667,166.1,44.78,88,100,5.5
384,Havre-Saint-Pierre,CA,2022-06-06 20:00:55,50.2334,-63.5986,53.74,68,4,18.72
385,Krasnoarmeysk,RU,2022-06-06 20:00:56,51.0239,45.6969,55.78,85,0,13.78
386,Heihe,CN,2022-06-06 20:00:56,50.2441,127.4902,54.99,75,12,2.89
387,Tsaratanana,MG,2022-06-06 20:00:57,-16.7833,47.65,66.27,80,2,9.75
388,Sorong,ID,2022-06-06 20:00:57,-0.8833,131.25,77.5,85,99,5.12
389,Salinopolis,BR,2022-06-06 20:00:57,-0.6136,-47.3561,80.02,85,68,6.91
390,Touba,CI,2022-06-06 20:00:58,8.2833,-7.6833,74.48,80,100,3.29
391,Konyshevka,RU,2022-06-06 20:00:58,51.8418,35.2941,60.17,73,100,4.99
392,Dolores,AR,2022-06-06 20:00:02,-36.3132,-57.6792,58.57,51,5,5.46
393,Puerto Baquerizo Moreno,EC,2022-06-06 20:00:58,-0.9,-89.6,72.0,84,40,11.54
394,Luangwa,ZM,2022-06-06 20:00:59,-15.6167,30.4167,60.1,67,0,2.93
395,Alofi,NU,2022-06-06 20:00:59,-19.0595,-169.9187,79.75,71,0,6.49
396,Magadan,RU,2022-06-06 20:01:00,59.5667,150.8,50.47,77,100,4.88
397,Ruwi,OM,2022-06-06 20:01:00,23.5996,58.5507,91.89,42,1,9.01
398,Manta,EC,2022-06-06 20:00:12,-0.95,-80.7333,76.37,74,66,10.63
399,Atbasar,KZ,2022-06-06 20:01:01,51.8,68.3333,58.68,59,100,7.43
400,Bandarbeyla,SO,2022-06-06 20:01:01,9.4942,50.8122,80.58,76,98,23.76
401,Husavik,IS,2022-06-06 20:01:02,66.0449,-17.3389,46.63,63,70,3.13
402,Bridlington,GB,2022-06-06 20:01:02,54.0831,-0.1919,55.89,79,100,14.97
403,Sitrah,BH,2022-06-06 20:01:02,26.1547,50.6206,95.0,37,0,3.44
404,Taft,IR,2022-06-06 20:01:03,31.7471,54.2088,85.95,12,20,6.91
405,Bara,NG,2022-06-06 20:01:03,10.3744,10.7288,83.95,53,51,6.85
406,Urusha,RU,2022-06-06 20:01:03,54.05,122.9,52.9,76,33,3.38
407,Mount Gambier,AU,2022-06-06 20:02:04,-37.8333,140.7667,47.32,77,98,13.15
408,Sola,VU,2022-06-06 20:02:04,-13.8833,167.55,80.73,77,39,19.71
409,Ciudad Bolivar,VE,2022-06-06 20:02:05,8.1222,-63.5497,84.11,66,86,10.51
410,Kilindoni,TZ,2022-06-06 20:02:05,-7.9139,39.6668,79.88,70,68,19.77
411,Port-Cartier,CA,2022-06-06 20:02:05,50.0334,-66.8654,63.23,52,21,11.61
412,Pacific Grove,US,2022-06-06 20:02:05,36.6177,-121.9166,77.81,79,0,10.36
413,Doba,TD,2022-06-06 20:02:06,8.65,16.85,82.51,54,9,3.67
414,Kasempa,ZM,2022-06-06 20:02:06,-13.4584,25.8338,58.77,54,61,9.69
415,Keetmanshoop,NA,2022-06-06 19:59:38,-26.5833,18.1333,61.25,28,95,13.8
416,Boca Do Acre,BR,2022-06-06 20:02:07,-8.7522,-67.3978,84.16,66,100,1.63
417,Severo-Kurilsk,RU,2022-06-06 20:02:07,50.6789,156.125,43.88,87,100,4.65
418,Los Llanos De Aridane,ES,2022-06-06 20:02:07,28.6585,-17.9182,67.75,87,40,16.11
419,Olafsvik,IS,2022-06-06 20:02:08,64.8945,-23.7142,47.73,73,100,10.18
420,Rocha,UY,2022-06-06 20:02:08,-34.4833,-54.3333,53.42,86,100,5.77
421,Presidente Epitacio,BR,2022-06-06 20:02:08,-21.7633,-52.1156,85.53,34,99,2.55
422,Urucara,BR,2022-06-06 20:02:08,-2.5364,-57.76,79.66,85,88,0.67
423,Kampene,CD,2022-06-06 20:02:09,-3.6,26.6667,68.9,73,19,1.88
424,Krasnokamensk,RU,2022-06-06 20:02:09,50.0979,118.0369,54.41,41,35,3.6
425,Miri,MY,2022-06-06 20:02:09,4.4148,114.0089,76.05,87,97,4.52
426,Sechura,PE,2022-06-06 20:02:10,-5.5569,-80.8222,76.3,57,53,12.21
427,Fare,PF,2022-06-06 20:02:10,-16.7,-151.0167,80.53,71,1,19.64
428,Port Moresby,PG,2022-06-06 20:02:01,-9.4431,147.1797,74.62,89,61,4.65
429,Lavrentiya,RU,2022-06-06 20:02:10,65.5833,-171.0,40.77,67,97,1.79
430,Requena,ES,2022-06-06 20:02:11,39.4883,-1.1004,68.79,35,77,1.83
431,Port Macquarie,AU,2022-06-06 20:02:11,-31.4333,152.9167,37.89,76,0,8.41
432,Kununurra,AU,2022-06-06 19:59:08,-15.7667,128.7333,78.78,65,79,4.61
433,Novyy Oskol,RU,2022-06-06 20:02:11,50.7631,37.8691,56.43,89,6,4.36
434,Nome,US,2022-06-06 20:02:12,64.5011,-165.4064,71.17,37,16,7.29
435,Tonj,SS,2022-06-06 20:00:20,7.2737,28.6822,72.93,83,100,4.63
436,Den Helder,NL,2022-06-06 20:02:12,52.9599,4.7593,54.99,83,75,18.41
437,Mocuba,MZ,2022-06-06 20:02:12,-16.8392,36.9856,63.81,99,100,4.7
438,Trofors,NO,2022-06-06 20:02:13,65.5333,13.4063,46.27,74,100,4.29
439,Laurel,US,2022-06-06 19:59:47,39.0993,-76.8483,84.63,37,0,9.22
440,Det Udom,TH,2022-06-06 20:02:13,14.906,105.0784,76.62,88,100,4.74
441,Queimadas,BR,2022-06-06 20:02:13,-10.9783,-39.6264,74.84,65,89,9.6
442,Makakilo City,US,2022-06-06 20:02:14,21.3469,-158.0858,82.62,59,23,3.36
443,Nueva Londres,PY,2022-06-06 20:02:14,-25.4045,-56.5498,69.12,93,100,5.12
444,Finschhafen,PG,2022-06-06 20:02:14,-6.6024,147.8681,78.75,76,85,8.68
445,Ovalle,CL,2022-06-06 19:59:12,-30.5983,-71.2003,74.12,19,0,3.69
446,Papillion,US,2022-06-06 19:59:33,41.1544,-96.0422,79.56,70,40,8.05
447,Opuwo,NA,2022-06-06 20:02:15,-18.0607,13.84,60.06,36,2,7.4
448,Pailon,BO,2022-06-06 20:02:15,-17.65,-62.75,80.2,57,100,3.85
449,Coihaique,CL,2022-06-06 20:02:15,-45.5752,-72.0662,37.89,96,100,7.74
450,Burns Lake,CA,2022-06-06 19:57:54,54.2331,-125.7533,54.82,36,36,8.08
451,Romitan,UZ,2022-06-06 20:02:16,39.9343,64.3814,75.15,29,0,4.61
452,Abu Zabad,SD,2022-06-06 20:02:16,12.35,29.25,88.95,36,63,12.59
453,Maamba,ZM,2022-06-06 20:02:16,-17.3667,27.15,57.6,57,25,2.68
454,Aripuana,BR,2022-06-06 20:02:17,-9.1667,-60.6333,85.53,57,89,1.54
455,Boa Vista,BR,2022-06-06 20:00:41,2.8197,-60.6733,73.56,93,100,5.53
456,College,US,2022-06-06 20:01:41,64.8569,-147.8028,73.99,30,10,1.99
457,Kapuskasing,CA,2022-06-06 20:03:17,49.4169,-82.4331,55.49,88,100,9.22
458,Rauma,FI,2022-06-06 20:03:17,61.1272,21.5113,50.04,58,0,1.83
459,Najibabad,IN,2022-06-06 20:03:18,29.6333,78.3333,88.03,15,0,4.41
460,Carutapera,BR,2022-06-06 20:03:18,-1.195,-46.02,77.23,94,33,5.46
461,Ondjiva,AO,2022-06-06 20:03:18,-17.0667,15.7333,56.73,37,46,7.9
462,Meiganga,CM,2022-06-06 20:03:19,6.5167,14.3,64.0,90,100,2.86
463,Paita,PE,2022-06-06 20:03:19,-5.0892,-81.1144,69.75,71,5,15.57
464,Half Moon Bay,US,2022-06-06 20:03:19,37.4636,-122.4286,82.54,64,40,21.85
465,Zhenhai,CN,2022-06-06 20:03:20,24.2582,118.0905,74.08,95,100,7.0
466,El Cobre,CU,2022-06-06 20:03:20,20.0489,-75.9469,85.44,70,40,9.22
467,Vilhena,BR,2022-06-06 20:03:20,-12.7406,-60.1458,77.83,62,100,3.13
468,Pontianak,ID,2022-06-06 20:03:20,-0.0333,109.3333,75.18,100,42,1.14
469,Qaqortoq,GL,2022-06-06 20:03:21,60.7167,-46.0333,41.59,88,100,3.85
470,Mozarlandia,BR,2022-06-06 20:03:21,-14.7447,-50.5706,90.63,25,20,3.96
471,Dicabisagan,PH,2022-06-06 20:03:21,17.0818,122.4157,78.76,88,85,3.8
472,Hassleholm,SE,2022-06-06 20:03:22,56.1591,13.7664,58.78,99,95,5.3
473,Pakxan,LA,2022-06-06 20:03:22,18.3778,103.6601,75.94,93,100,0.65
474,Uige,AO,2022-06-06 20:03:22,-7.6087,15.0613,67.86,50,90,3.4
475,Guerrero Negro,MX,2022-06-06 20:03:23,27.9769,-114.0611,70.86,67,42,20.02
476,Iberia,US,2022-06-06 20:02:03,29.9502,-91.7507,91.96,58,20,9.22
477,Dondo,MZ,2022-06-06 20:03:23,-19.6094,34.7431,71.11,94,97,9.51
478,Blythe,US,2022-06-06 20:03:23,33.6103,-114.5964,103.03,15,0,0.0
479,Isangel,VU,2022-06-06 20:03:24,-19.55,169.2667,73.87,80,4,6.64
480,Maymyo,MM,2022-06-06 20:03:24,22.0333,96.4667,67.68,88,100,1.7
481,Le Port,RE,2022-06-06 20:03:24,-20.9373,55.2919,73.36,67,70,5.17
482,Senador Jose Porfirio,BR,2022-06-06 20:03:25,-2.5908,-51.9542,76.66,89,91,3.74
483,Bathsheba,BB,2022-06-06 20:03:25,13.2167,-59.5167,84.81,74,20,24.16
484,Linares,CL,2022-06-06 19:58:26,-35.85,-71.6,60.75,61,95,1.32
485,Pandan,PH,2022-06-06 20:03:25,14.0453,124.1694,80.35,79,7,5.1
486,Wanning,CN,2022-06-06 20:03:25,18.8003,110.3967,80.69,87,100,9.1
487,Teguldet,RU,2022-06-06 20:03:26,57.3064,88.1667,35.98,90,45,5.12
488,Werda,BW,2022-06-06 20:03:26,-25.2667,23.2833,56.95,40,100,7.87
489,Bengkulu,ID,2022-06-06 20:03:26,-3.8004,102.2655,74.75,93,100,4.63
490,Haldibari,IN,2022-06-06 20:03:27,26.3333,88.7667,77.13,94,100,6.22
491,Gloucester,GB,2022-06-06 20:00:08,51.8657,-2.2431,61.7,82,59,1.92
492,Arrecife,ES,2022-06-06 20:03:27,28.963,-13.5477,71.58,68,20,18.41
493,Nouadhibou,MR,2022-06-06 20:03:27,20.931,-17.0347,67.3,83,94,28.12
494,Lazaro Cardenas,MX,2022-06-06 20:03:28,17.9583,-102.2,85.03,61,17,10.67
495,Comoapan,MX,2022-06-06 20:03:28,18.4167,-95.1667,91.24,46,75,6.38
496,Fairbanks,US,2022-06-06 20:00:03,64.8378,-147.7164,74.01,29,10,1.01
497,Maumere,ID,2022-06-06 20:03:28,-8.6199,122.2111,78.89,81,95,4.27
498,Panaba,MX,2022-06-06 20:03:29,21.2833,-88.2667,91.26,50,89,8.68
499,Akaltara,IN,2022-06-06 20:03:29,22.0167,82.4333,93.4,17,64,5.21
500,Potiskum,NG,2022-06-06 20:03:29,11.7091,11.0694,81.66,53,97,12.17
501,Mabaruma,GY,2022-06-06 20:04:30,8.2,-59.7833,72.41,99,100,3.2
502,Payson,US,2022-06-06 20:04:30,40.0444,-111.7321,76.41,42,75,11.5
503,Rivera,UY,2022-06-06 20:04:30,-30.9053,-55.5508,58.14,94,100,6.62
504,Makat,KZ,2022-06-06 20:04:31,47.6469,53.3463,74.34,57,92,13.94
505,De Aar,ZA,2022-06-06 20:04:31,-30.6497,24.0123,52.84,37,0,2.91
506,Lircay,PE,2022-06-06 20:04:32,-12.9896,-74.7205,59.05,51,64,9.19
507,Cayenne,GF,2022-06-06 20:00:12,4.9333,-52.3333,77.04,1,100,5.75
508,Vrede,ZA,2022-06-06 20:04:32,-27.4257,29.1659,46.08,60,0,3.56
509,Prince Rupert,CA,2022-06-06 20:04:32,54.3161,-130.3201,56.07,71,100,5.48
510,Klaksvik,FO,2022-06-06 20:04:33,62.2266,-6.589,52.72,93,44,9.93
511,Dangtu,CN,2022-06-06 20:04:33,31.5723,118.4928,69.06,76,56,5.61
512,Xuanhua,CN,2022-06-06 20:04:34,40.6103,115.0447,59.13,47,21,2.19
513,Kupang,ID,2022-06-06 20:01:10,-10.1667,123.5833,77.47,87,86,8.57
514,Berlevag,NO,2022-06-06 20:04:34,70.8578,29.0864,46.4,70,0,13.8
515,Iquitos,PE,2022-06-06 20:01:09,-3.7481,-73.2472,83.71,76,78,3.24
516,Mugur-Aksy,RU,2022-06-06 20:04:35,50.35,90.5,39.36,48,99,2.59
517,Xiaoweizhai,CN,2022-06-06 20:04:35,26.1903,107.5125,68.13,91,96,3.56
518,Clarksburg,US,2022-06-06 20:02:21,39.2807,-80.3445,86.41,37,20,8.05
519,Salvador,SV,2022-06-06 20:04:36,13.8333,-88.9167,66.6,93,100,2.82
520,Volcan,PA,2022-06-06 20:04:36,8.7667,-82.6333,59.11,95,100,1.48
521,Haines Junction,CA,2022-06-06 20:04:37,60.7522,-137.5108,73.9,28,91,2.91
522,Derzhavinsk,KZ,2022-06-06 20:04:37,51.1,66.3167,67.44,38,100,4.41
523,Strezhevoy,RU,2022-06-06 20:04:38,60.7333,77.5889,36.75,73,97,5.91
524,Deputatskiy,RU,2022-06-06 20:04:38,69.3,139.9,48.92,43,13,6.67
525,Adamovka,RU,2022-06-06 20:04:38,51.5223,59.9396,66.9,60,92,23.53
526,Barranca,PE,2022-06-06 20:04:38,-10.75,-77.7667,67.01,76,36,8.5
527,Avera,US,2022-06-06 20:04:39,33.194,-82.5271,88.56,37,63,6.64
528,Athabasca,CA,2022-06-06 20:04:39,54.7169,-113.2854,63.46,56,100,9.55
529,Almaznyy,RU,2022-06-06 20:04:39,48.0448,40.045,57.87,80,3,7.05
530,Neryungri,RU,2022-06-06 20:04:40,56.6709,124.6491,54.84,69,24,2.33
531,Huilong,CN,2022-06-06 20:04:40,31.8111,121.655,71.92,95,55,12.86
532,Agadir,MA,2022-06-06 20:00:23,30.4202,-9.5982,72.05,75,62,5.91
533,Udachnyy,RU,2022-06-06 20:04:40,66.4167,112.4,43.56,84,99,4.23
534,Kahului,US,2022-06-06 20:04:41,20.8947,-156.47,87.82,48,20,16.11
535,Baykit,RU,2022-06-06 20:04:41,61.67,96.37,46.83,91,100,3.33
536,Goderich,CA,2022-06-06 20:04:41,43.7501,-81.7165,59.92,97,100,3.8
537,Valday,RU,2022-06-06 20:04:41,57.9747,33.2525,45.32,71,0,2.91
538,Kuandian,CN,2022-06-06 20:04:42,40.7286,124.7847,55.27,86,100,2.44
539,Mattawa,US,2022-06-06 20:04:42,46.7379,-119.9028,71.6,42,9,11.99
540,Kirkland Lake,CA,2022-06-06 20:00:07,48.1446,-80.0377,61.97,54,100,9.66
541,Taoudenni,ML,2022-06-06 20:04:42,22.6783,-3.9836,103.3,6,27,11.21
542,Ambulu,ID,2022-06-06 20:04:43,-8.345,113.6058,75.4,91,78,2.57
543,Tutoia,BR,2022-06-06 20:04:43,-2.7619,-42.2744,77.81,88,23,1.86
544,Caravelas,BR,2022-06-06 20:04:43,-17.7125,-39.2481,70.65,73,2,5.12
545,Gweta,BW,2022-06-06 20:04:44,-20.1833,25.2333,58.98,56,88,16.69
546,Anadyr,RU,2022-06-06 20:04:44,64.75,177.4833,41.0,100,98,4.0
547,Bone,DE,2022-06-06 20:05:44,51.9669,12.1396,64.26,70,4,3.58
548,Primorsk,UA,2022-06-06 20:05:44,46.7348,36.3443,66.52,62,86,13.87
549,Rio Gallegos,AR,2022-06-06 20:05:45,-51.6226,-69.2181,44.65,33,40,14.97
550,Izumo,JP,2022-06-06 20:05:45,35.3667,132.7667,61.11,90,86,11.36
551,Changli,CN,2022-06-06 20:05:45,39.7042,119.1506,55.4,66,3,5.5
552,Dunmore Town,BS,2022-06-06 20:05:46,25.5,-76.65,76.48,88,100,21.61
553,Tandil,AR,2022-06-06 20:04:26,-37.3217,-59.1332,60.69,48,67,7.09
554,La Ferte-Bernard,FR,2022-06-06 20:05:46,48.1863,0.6536,62.22,83,100,4.9
555,Vostok,RU,2022-06-06 20:05:46,46.4856,135.8833,41.23,54,4,3.36
556,Dabakala,CI,2022-06-06 20:05:47,8.3667,-4.4333,75.34,84,80,4.63
557,Helena,US,2022-06-06 20:05:47,46.5927,-112.0361,64.35,51,40,14.0
558,Cockburn Town,TC,2022-06-06 20:05:47,21.4612,-71.1419,80.98,81,53,13.8
559,Vanavara,RU,2022-06-06 20:05:47,60.34,102.2797,50.02,89,100,7.83
560,Aykhal,RU,2022-06-06 20:05:48,66.0,111.5,40.86,94,13,4.09
561,Mirnyy,RU,2022-06-06 20:05:48,62.5353,113.9611,46.85,89,8,2.68
562,Palm Springs,US,2022-06-06 20:05:48,33.8303,-116.5453,102.63,24,0,9.22
563,Dunedin,NZ,2022-06-06 20:05:49,-45.8742,170.5036,52.81,54,100,7.0
564,Tatawin,TN,2022-06-06 20:05:49,32.9297,10.4518,85.5,31,0,3.87
565,Chapais,CA,2022-06-06 20:02:44,49.7834,-74.8492,63.79,49,100,3.6
566,Tansen,NP,2022-06-06 20:05:49,27.8673,83.5467,70.02,50,6,3.71
